Unnamed: 0,image_name,label
1,ROI_75.97148132324219_Car_MrtSutthisan_img_13-7899328_100-5680277_a357_s270_y75_f90_0.jpg_526.jpg,Pickup
2,ROI_76.4062271118164_Car_ChokChai4_img_13-8004215_100-5872042_a83-15420982196281_s90_y0_f90_1.jpg_320.jpg,Sedan
3,ROI_76.4062271118164_Car_ChokChai4_img_13-8004453_100-5874028_a83-15420982196281_s90_y0_f90_1.jpg_322.jpg,Sedan
4,ROI_76.41313171386719_Car_ChokChai4_img_13-8015217_100-5997742_a272-0788488226845_s270_y0_f90_1.jpg_93.jpg,Sedan
5,ROI_76.41313171386719_Car_ChokChai4_img_13-8015254_100-5996743_a272-0788488226845_s270_y0_f90_1.jpg_94.jpg,Sedan
6,ROI_76.56346893310547_Car_ChokChai4_img_13-80053_100-5880976_a82-17171238920768_s270_y0_f90_1.jpg_77.jpg,Pickup
7,ROI_77.84773254394531_Car_ChokChai4_img_13-8060628_100-6043897_a266-5430993252404_s270_y0_f90_1.jpg_196.jpg,Sedan
8,ROI_78.92169189453125_Car_MrtSutthisan_img_13-794074_100-5664317_a0_s90_y75_f90_0.jpg_1068.jpg,Sedan
9,ROI_79.00003814697266_Car_ChokChai4_img_13-8021619_100-5877117_a172-16207778956158_s270_y0_f90_1.jpg_104.jpg,Pickup
10,ROI_79.53095245361328_Car_ChokChai4_img_13-8032214_100-5923252_a183-01427439319534_s90_y0_f90_1.jpg_360.jpg,Sedan
11,ROI_79.53095245361328_Car_ChokChai4_img_13-8032214_100-5923252_a183-01427439319534_s90_y0_f90_1.jpg_361.jpg,Sedan
12,ROI_79.61133575439453_Car_ChokChai4_img_13-7987586_100-6034822_a186-62168849606698_s270_y0_f90_1.jpg_53.jpg,Pickup
13,ROI_79.96015930175781_Car_ChokChai4_img_13-7961204_100-5884821_a86-9176799730338_s90_y0_f90_1.jpg_238.jpg,Pickup
14,ROI_80.3400650024414_Car_MrtSutthisan_img_13-7984185_100-5698653_a77_s90_y75_f90_0.jpg_1207.jpg,Sedan
15,ROI_80.3400650024414_Car_MrtSutthisan_img_13-7986137_100-5698218_a77_s90_y75_f90_0.jpg_1209.jpg,Sedan
16,ROI_80.395751953125_Car_MrtSutthisan_img_13-7923922_100-5662685_a279_s270_y75_f90_0.jpg_644.jpg,Pickup
17,ROI_81.06427764892578_Car_MrtSutthisan_img_13-7899877_100-5686252_a354_s270_y75_f90_0.jpg_542.jpg,Sedan
18,ROI_81.08583068847656_Car_ChokChai4_img_13-8004314_100-5867301_a93-94671915474494_s270_y0_f90_1.jpg_72.jpg,Pickup
19,ROI_81.49855041503906_Car_MrtSutthisan_img_13-7907564_100-5688182_a176_s90_y75_f90_0.jpg_1007.jpg,Sedan
20,ROI_81.52017974853516_Car_MrtSutthisan_img_13-7914155_100-5669343_a279_s270_y75_f90_0.jpg_600.jpg,Pickup
21,ROI_81.52017974853516_Car_MrtSutthisan_img_13-7915143_100-5669501_a279_s270_y75_f90_0.jpg_602.jpg,Pickup
22,ROI_81.6531753540039_Car_MrtSutthisan_img_13-7976189_100-5720652_a239_s270_y75_f90_0.jpg_800.jpg,Sedan
23,ROI_81.6531753540039_Car_MrtSutthisan_img_13-7976189_100-5720652_a239_s270_y75_f90_0.jpg_801.jpg,SUV
24,ROI_81.6531753540039_Car_MrtSutthisan_img_13-7976189_100-5720652_a239_s270_y75_f90_0.jpg_802.jpg,Sedan
25,ROI_82.84334564208984_Car_MrtSutthisan_img_13-7973828_100-5715766_a239_s270_y75_f90_0.jpg_792.jpg,Pickup
26,ROI_83.28102111816406_Car_MrtSutthisan_img_13-7802992_100-57142_a3_s90_y75_f90_0.jpg_886.jpg,Pickup
27,ROI_83.3660659790039_Car_ChokChai4_img_13-8060025_100-6033915_a266-5430993252404_s270_y0_f90_1.jpg_192.jpg,SUV
28,ROI_83.41590881347656_Car_ChokChai4_img_13-8007922_100-5913828_a187-35000103382154_s270_y0_f90_1.jpg_82.jpg,Sedan
29,ROI_83.72356414794922_Car_ChokChai4_img_13-8071103_100-5966919_a262-1216544977179_s90_y0_f90_1.jpg_439.jpg,Sedan
30,ROI_84.69718170166016_Car_MrtSutthisan_img_13-7934751_100-5692228_a347_s270_y75_f90_0.jpg_664.jpg,Pickup
31,ROI_84.69718170166016_Car_MrtSutthisan_img_13-7934751_100-5692228_a347_s270_y75_f90_0.jpg_665.jpg,Pickup
32,ROI_84.69718170166016_Car_MrtSutthisan_img_13-7934751_100-5692228_a347_s270_y75_f90_0.jpg_666.jpg,Pickup
33,ROI_84.75189208984375_Car_ChokChai4_img_13-7994763_100-5906687_a187-25534824908428_s90_y0_f90_1.jpg_305.jpg,Pickup
34,ROI_84.89188385009766_Car_MrtSutthisan_img_13-7976189_100-5720652_a59_s90_y75_f90_0.jpg_1182.jpg,Sedan
35,ROI_84.96415710449219_Car_MrtSutthisan_img_13-7966331_100-5724733_a19_s270_y75_f90_0.jpg_770.jpg,Pickup
36,ROI_85.15821838378906_Car_MrtSutthisan_img_13-78949_100-570517_a260_s270_y75_f90_0.jpg_493.jpg,Hatchback
37,ROI_85.28457641601562_Car_MrtSutthisan_img_13-7947181_100-5698096_a353_s90_y75_f90_0.jpg_1125.jpg,SUV
38,ROI_86.3194808959961_Car_MrtSutthisan_img_13-7929286_100-5686132_a166_s90_y75_f90_0.jpg_1058.jpg,Sedan
39,ROI_86.63850402832031_Car_ChokChai4_img_13-8076693_100-5953796_a261-1318377437573_s270_y0_f90_1.jpg_234.jpg,Sedan
40,ROI_86.67184448242188_Car_MrtSutthisan_img_13-7990782_100-5729609_a80_s270_y75_f90_0.jpg_875.jpg,Pickup
41,ROI_86.71104431152344_Car_MrtSutthisan_img_13-7901066_100-5680462_a86_s90_y75_f90_0.jpg_996.jpg,Pickup
42,ROI_86.71104431152344_Car_MrtSutthisan_img_13-7901066_100-5680462_a86_s90_y75_f90_0.jpg_997.jpg,Pickup
43,ROI_86.71104431152344_Car_MrtSutthisan_img_13-7901066_100-5680462_a86_s90_y75_f90_0.jpg_998.jpg,Pickup
44,ROI_87.02703857421875_Car_MrtSutthisan_img_13-7966365_100-5725706_a170_s90_y75_f90_0.jpg_1159.jpg,Pickup
45,ROI_87.02703857421875_Car_MrtSutthisan_img_13-7966365_100-5725706_a170_s90_y75_f90_0.jpg_1160.jpg,Pickup
46,ROI_87.02703857421875_Car_MrtSutthisan_img_13-7966539_100-5726691_a170_s90_y75_f90_0.jpg_1162.jpg,SUV
47,ROI_87.02703857421875_Car_MrtSutthisan_img_13-7966539_100-5726691_a170_s90_y75_f90_0.jpg_1163.jpg,Pickup
48,ROI_87.14106750488281_Car_ChokChai4_img_13-8009013_100-5875532_a83-26921836735819_s90_y0_f90_1.jpg_329.jpg,SUV
49,ROI_87.29072570800781_Car_MrtSutthisan_img_13-7944724_100-5705985_a0_s90_y75_f90_0.jpg_1103.jpg,Sedan
50,ROI_87.41651153564453_Car_MrtSutthisan_img_13-7899409_100-5681273_a174_s90_y75_f90_0.jpg_984.jpg,Sedan
51,ROI_87.41651153564453_Car_MrtSutthisan_img_13-7899409_100-5681273_a174_s90_y75_f90_0.jpg_985.jpg,Sedan
52,ROI_87.97346496582031_Car_ChokChai4_img_13-8048866_100-5868921_a194-4861304120992_s270_y0_f90_1.jpg_155.jpg,Sedan
53,ROI_88.09134674072266_Car_ChokChai4_img_13-8059844_100-603092_a266-5430993252404_s270_y0_f90_1.jpg_191.jpg,Sedan
54,ROI_88.27347564697266_Car_ChokChai4_img_13-8053323_100-58911_a258-6912009960614_s90_y0_f90_1.jpg_415.jpg,Pickup
55,ROI_88.28359985351562_Car_MrtSutthisan_img_13-7982449_100-5710699_a239_s270_y75_f90_0.jpg_851.jpg,Pickup
56,ROI_88.385986328125_Car_MrtSutthisan_img_13-7996631_100-5736661_a83_s270_y75_f90_0.jpg_883.jpg,Pickup
57,ROI_88.64740753173828_Car_MrtSutthisan_img_13-798587_100-5708633_a239_s270_y75_f90_0.jpg_874.jpg,Sedan
58,ROI_88.67652893066406_Car_ChokChai4_img_13-7992555_100-6035372_a187-57587755658977_s270_y0_f90_1.jpg_65.jpg,Pickup
59,ROI_88.81796264648438_Car_MrtSutthisan_img_13-7899069_100-5680573_a86_s90_y75_f90_0.jpg_982.jpg,Pickup
60,ROI_88.8705062866211_Car_MrtSutthisan_img_13-7898948_100-5674284_a177_s90_y75_f90_0.jpg_973.jpg,Sedan
61,ROI_88.8705062866211_Car_MrtSutthisan_img_13-7898948_100-5674284_a177_s90_y75_f90_0.jpg_974.jpg,Sedan
62,ROI_89.12958526611328_Car_ChokChai4_img_13-8030216_100-5923151_a182-87432022899867_s90_y0_f90_1.jpg_353.jpg,Sedan
63,ROI_89.12958526611328_Car_ChokChai4_img_13-8031215_100-5923201_a182-87432022899867_s90_y0_f90_1.jpg_357.jpg,Sedan
64,ROI_89.12958526611328_Car_ChokChai4_img_13-8031215_100-5923201_a182-87432022899867_s90_y0_f90_1.jpg_358.jpg,Pickup
65,ROI_89.88081359863281_Car_ChokChai4_img_13-7979732_100-5885314_a357-26874611183615_s90_y0_f90_1.jpg_268.jpg,Hatchback
66,ROI_90.11426544189453_Car_ChokChai4_img_13-8031997_100-5939281_a183-49757397559478_s270_y0_f90_1.jpg_120.jpg,Sedan
67,ROI_90.2221450805664_Car_MrtSutthisan_img_13-7940766_100-5704613_a177_s90_y75_f90_0.jpg_1069.jpg,Sedan
68,ROI_90.27936553955078_Car_MrtSutthisan_img_13-7972582_100-5706446_a76_s90_y75_f90_0.jpg_1178.jpg,MPV
69,ROI_90.40523529052734_Car_ChokChai4_img_13-7987803_100-5905994_a182-4493328205834_s270_y0_f90_1.jpg_54.jpg,Sedan
70,ROI_90.54856872558594_Car_MrtSutthisan_img_13-7899409_100-5681273_a354_s270_y75_f90_0.jpg_531.jpg,
71,ROI_90.62284088134766_Car_MrtSutthisan_img_13-7813311_100-5696037_a183_s270_y75_f90_0.jpg_450.jpg,Pickup
72,ROI_91.36030578613281_Car_MrtSutthisan_img_13-7966331_100-5724733_a199_s90_y75_f90_0.jpg_1155.jpg,Pickup
73,ROI_91.6254653930664_Car_MrtSutthisan_img_13-79113_100-5678726_a269_s90_y75_f90_0.jpg_1015.jpg,Pickup
74,ROI_91.6254653930664_Car_MrtSutthisan_img_13-79113_100-5678726_a269_s90_y75_f90_0.jpg_1016.jpg,Pickup
75,ROI_91.67606353759766_Car_MrtSutthisan_img_13-7941478_100-5679478_a352_s270_y75_f90_0.jpg_688.jpg,
76,ROI_91.67606353759766_Car_MrtSutthisan_img_13-7941478_100-5679478_a352_s270_y75_f90_0.jpg_689.jpg,SUV
77,ROI_91.68933868408203_Car_MrtSutthisan_img_13-7924907_100-5662858_a279_s270_y75_f90_0.jpg_647.jpg,Sedan
78,ROI_91.7233657836914_Car_ChokChai4_img_13-8036208_100-5923462_a183-01427439319534_s90_y0_f90_1.jpg_376.jpg,Sedan
79,ROI_91.7233657836914_Car_ChokChai4_img_13-8036208_100-5923462_a183-01427439319534_s90_y0_f90_1.jpg_377.jpg,SUV
80,ROI_91.74993896484375_Car_MrtSutthisan_img_13-7972473_100-5701266_a77_s90_y75_f90_0.jpg_1177.jpg,Sedan
81,ROI_91.88815307617188_Car_ChokChai4_img_13-7984257_100-5873708_a200-9110614926533_s270_y0_f90_1.jpg_52.jpg,SUV
82,ROI_92.12364959716797_Car_MrtSutthisan_img_13-7949233_100-5699784_a260_s90_y75_f90_0.jpg_1134.jpg,Pickup
83,ROI_92.32552337646484_Car_MrtSutthisan_img_13-7979863_100-5712219_a239_s270_y75_f90_0.jpg_821.jpg,Pickup
84,ROI_92.32552337646484_Car_MrtSutthisan_img_13-7979863_100-5712219_a239_s270_y75_f90_0.jpg_822.jpg,Pickup
85,ROI_92.32552337646484_Car_MrtSutthisan_img_13-7979863_100-5712219_a239_s270_y75_f90_0.jpg_824.jpg,Pickup
86,ROI_92.32552337646484_Car_MrtSutthisan_img_13-7979863_100-5712219_a239_s270_y75_f90_0.jpg_825.jpg,Pickup
87,ROI_92.32552337646484_Car_MrtSutthisan_img_13-7980725_100-5711712_a239_s270_y75_f90_0.jpg_830.jpg,Pickup
88,ROI_92.32552337646484_Car_MrtSutthisan_img_13-7980725_100-5711712_a239_s270_y75_f90_0.jpg_832.jpg,Pickup
89,ROI_92.32552337646484_Car_MrtSutthisan_img_13-7980725_100-5711712_a239_s270_y75_f90_0.jpg_833.jpg,Pickup
90,ROI_92.32552337646484_Car_MrtSutthisan_img_13-7980725_100-5711712_a239_s270_y75_f90_0.jpg_835.jpg,Van
91,ROI_92.32552337646484_Car_MrtSutthisan_img_13-7981587_100-5711205_a239_s270_y75_f90_0.jpg_840.jpg,Pickup
92,ROI_92.32552337646484_Car_MrtSutthisan_img_13-7981587_100-5711205_a239_s270_y75_f90_0.jpg_843.jpg,Pickup
93,ROI_92.32552337646484_Car_MrtSutthisan_img_13-7981587_100-5711205_a239_s270_y75_f90_0.jpg_844.jpg,Pickup
94,ROI_92.32552337646484_Car_MrtSutthisan_img_13-7981587_100-5711205_a239_s270_y75_f90_0.jpg_846.jpg,Pickup
95,ROI_92.32552337646484_Car_MrtSutthisan_img_13-7981587_100-5711205_a239_s270_y75_f90_0.jpg_847.jpg,Van
96,ROI_92.42916870117188_Car_MrtSutthisan_img_13-7983145_100-570344_a249_s270_y75_f90_0.jpg_856.jpg,Pickup
97,ROI_92.66912841796875_Car_ChokChai4_img_13-8052233_100-6055714_a264-34557917717933_s90_y0_f90_1.jpg_408.jpg,Hatchback
98,ROI_92.69204711914062_Car_ChokChai4_img_13-7998576_100-5883263_a90-85149707142558_s90_y0_f90_1.jpg_310.jpg,SUV
99,ROI_92.83038330078125_Car_MrtSutthisan_img_13-7970521_100-5701702_a77_s90_y75_f90_0.jpg_1172.jpg,Truck
100,ROI_92.9293441772461_Car_MrtSutthisan_img_13-7902065_100-5680408_a86_s90_y75_f90_0.jpg_1001.jpg,Sedan
101,ROI_93.23603057861328_Car_MrtSutthisan_img_13-7902065_100-5680408_a266_s270_y75_f90_0.jpg_569.jpg,Sedan
102,ROI_93.49518585205078_Car_MrtSutthisan_img_13-7907502_100-5687184_a356_s270_y75_f90_0.jpg_581.jpg,Hatchback
103,ROI_93.5367431640625_Car_ChokChai4_img_13-8010898_100-5914207_a186-87269600196564_s90_y0_f90_1.jpg_333.jpg,SUV
104,ROI_93.54556274414062_Car_ChokChai4_img_13-801666_100-5877727_a76-47909066423207_s270_y0_f90_1.jpg_98.jpg,Sedan
105,ROI_93.55317687988281_Car_MrtSutthisan_img_13-7899502_100-5682269_a354_s270_y75_f90_0.jpg_533.jpg,Sedan
106,ROI_93.55317687988281_Car_MrtSutthisan_img_13-7899502_100-5682269_a354_s270_y75_f90_0.jpg_534.jpg,Sedan
107,ROI_93.55317687988281_Car_MrtSutthisan_img_13-7899502_100-5682269_a354_s270_y75_f90_0.jpg_535.jpg,Pickup
108,ROI_93.56258392333984_Car_ChokChai4_img_13-7987586_100-6034822_a186-62168849606698_s90_y0_f90_1.jpg_295.jpg,Sedan
109,ROI_93.56258392333984_Car_ChokChai4_img_13-7987586_100-6034822_a186-62168849606698_s90_y0_f90_1.jpg_296.jpg,Sedan
110,ROI_93.69916534423828_Car_ChokChai4_img_13-8005169_100-5879985_a83-15420982196281_s270_y0_f90_1.jpg_76.jpg,Pickup
111,ROI_93.70323944091797_Car_ChokChai4_img_13-8059238_100-6019937_a267-61153940968546_s270_y0_f90_1.jpg_187.jpg,SUV
112,ROI_93.7168960571289_Car_MrtSutthisan_img_13-7839292_100-5687436_a89_s90_y75_f90_0.jpg_910.jpg,Sedan
113,ROI_93.89119720458984_Car_MrtSutthisan_img_13-7943884_100-5698325_a172_s90_y75_f90_0.jpg_1090.jpg,Sedan
114,ROI_94.0479507446289_Car_ChokChai4_img_13-7989801_100-590608_a182-4493328205834_s270_y0_f90_1.jpg_58.jpg,Pickup
115,ROI_94.34432220458984_Car_MrtSutthisan_img_13-7929058_100-5670856_a274_s270_y75_f90_0.jpg_652.jpg,SUV
116,ROI_94.34432220458984_Car_MrtSutthisan_img_13-7929058_100-5670856_a274_s270_y75_f90_0.jpg_654.jpg,Sedan
117,ROI_94.34432220458984_Car_MrtSutthisan_img_13-7930055_100-5670932_a274_s270_y75_f90_0.jpg_656.jpg,SUV
118,ROI_94.34432220458984_Car_MrtSutthisan_img_13-7930055_100-5670932_a274_s270_y75_f90_0.jpg_658.jpg,Sedan
119,ROI_94.35912322998047_Car_MrtSutthisan_img_13-7980919_100-5731256_a260_s90_y75_f90_0.jpg_1197.jpg,Pickup
120,ROI_94.35912322998047_Car_MrtSutthisan_img_13-7980919_100-5731256_a260_s90_y75_f90_0.jpg_1198.jpg,Pickup
121,ROI_94.41850280761719_Car_ChokChai4_img_13-8048773_100-5868374_a189-7125275469402_s270_y0_f90_1.jpg_153.jpg,Sedan
122,ROI_94.53627014160156_Car_MrtSutthisan_img_13-7869729_100-5667117_a358_s270_y75_f90_0.jpg_490.jpg,Sedan
123,ROI_94.53627014160156_Car_MrtSutthisan_img_13-7869729_100-5667117_a358_s270_y75_f90_0.jpg_491.jpg,SUV
124,ROI_94.61174774169922_Car_ChokChai4_img_13-7980731_100-5885266_a357-26874611183615_s90_y0_f90_1.jpg_272.jpg,Sedan
125,ROI_94.61174774169922_Car_ChokChai4_img_13-7980731_100-5885266_a357-26874611183615_s90_y0_f90_1.jpg_273.jpg,Pickup
126,ROI_94.61174774169922_Car_ChokChai4_img_13-7980731_100-5885266_a357-26874611183615_s90_y0_f90_1.jpg_274.jpg,Hatchback
127,ROI_94.61174774169922_Car_ChokChai4_img_13-7980731_100-5885266_a357-26874611183615_s90_y0_f90_1.jpg_275.jpg,
128,ROI_94.76333618164062_Car_MrtSutthisan_img_13-79522_100-5699352_a84_s270_y75_f90_0.jpg_761.jpg,Sedan
129,ROI_94.76333618164062_Car_MrtSutthisan_img_13-79522_100-5699352_a84_s270_y75_f90_0.jpg_762.jpg,Pickup
130,ROI_94.76333618164062_Car_MrtSutthisan_img_13-7953196_100-5699259_a84_s270_y75_f90_0.jpg_766.jpg,Sedan
131,ROI_94.76333618164062_Car_MrtSutthisan_img_13-7953196_100-5699259_a84_s270_y75_f90_0.jpg_767.jpg,Pickup
132,ROI_94.76333618164062_Car_MrtSutthisan_img_13-7953196_100-5699259_a84_s270_y75_f90_0.jpg_768.jpg,Pickup
133,ROI_94.77516174316406_Car_MrtSutthisan_img_13-794537_100-5682199_a353_s90_y75_f90_0.jpg_1108.jpg,SUV
134,ROI_94.77516174316406_Car_MrtSutthisan_img_13-794537_100-5682199_a353_s90_y75_f90_0.jpg_1109.jpg,Sedan
135,ROI_94.8041000366211_Car_ChokChai4_img_13-7996741_100-590698_a185-27111537361003_s270_y0_f90_1.jpg_68.jpg,SUV
136,ROI_94.89327239990234_Car_MrtSutthisan_img_13-7913847_100-5686334_a82_s90_y75_f90_0.jpg_1021.jpg,Pickup
137,ROI_94.89327239990234_Car_MrtSutthisan_img_13-7913847_100-5686334_a82_s90_y75_f90_0.jpg_1022.jpg,Pickup
138,ROI_94.95914459228516_Car_MrtSutthisan_img_13-7921952_100-5662339_a99_s90_y75_f90_0.jpg_1051.jpg,Pickup
139,ROI_94.9857177734375_Car_ChokChai4_img_13-7984257_100-5873708_a200-9110614926533_s90_y0_f90_1.jpg_286.jpg,Sedan
140,ROI_95.04691314697266_Car_MrtSutthisan_img_13-7947259_100-5700104_a262_s90_y75_f90_0.jpg_1126.jpg,SUV
141,ROI_95.04691314697266_Car_MrtSutthisan_img_13-7947259_100-5700104_a262_s90_y75_f90_0.jpg_1127.jpg,SUV
142,ROI_95.04691314697266_Car_MrtSutthisan_img_13-7947259_100-5700104_a262_s90_y75_f90_0.jpg_1128.jpg,MPV
143,ROI_95.26197052001953_Car_ChokChai4_img_13-8041543_100-5872178_a192-56152801652308_s270_y0_f90_1.jpg_144.jpg,Sedan
144,ROI_95.35133361816406_Car_MrtSutthisan_img_13-7915837_100-5686144_a85_s90_y75_f90_0.jpg_1032.jpg,Pickup
145,ROI_95.51252746582031_Car_MrtSutthisan_img_13-7921103_100-567241_a354_s270_y75_f90_0.jpg_633.jpg,Pickup
146,ROI_95.51952362060547_Car_ChokChai4_img_13-8055177_100-5876104_a9-673355432960797_s270_y0_f90_1.jpg_183.jpg,Sedan
147,ROI_95.60807800292969_Car_ChokChai4_img_13-7972811_100-5906092_a180-5812875399312_s90_y0_f90_1.jpg_244.jpg,Truck
148,ROI_95.6534194946289_Car_MrtSutthisan_img_13-791613_100-5669659_a279_s270_y75_f90_0.jpg_605.jpg,Sedan
149,ROI_95.86312866210938_Car_MrtSutthisan_img_13-7940766_100-5704613_a357_s270_y75_f90_0.jpg_675.jpg,Sedan
150,ROI_95.89945220947266_Car_MrtSutthisan_img_13-7977048_100-5720139_a239_s270_y75_f90_0.jpg_809.jpg,Hatchback
151,ROI_95.89945220947266_Car_MrtSutthisan_img_13-7977048_100-5720139_a239_s270_y75_f90_0.jpg_810.jpg,Sedan
152,ROI_95.9056625366211_Car_ChokChai4_img_13-7982728_100-5885171_a357-26874611183615_s90_y0_f90_1.jpg_281.jpg,Pickup
153,ROI_96.0767593383789_Car_MrtSutthisan_img_13-7907626_100-568918_a356_s270_y75_f90_0.jpg_587.jpg,Sedan
154,ROI_96.0767593383789_Car_MrtSutthisan_img_13-7907626_100-568918_a356_s270_y75_f90_0.jpg_588.jpg,Hatchback
155,ROI_96.07954406738281_Car_ChokChai4_img_13-8050804_100-6039778_a265-069869206402_s270_y0_f90_1.jpg_157.jpg,Sedan
156,ROI_96.07954406738281_Car_ChokChai4_img_13-8050804_100-6039778_a265-069869206402_s270_y0_f90_1.jpg_159.jpg,Hatchback
157,ROI_96.17304229736328_Car_MrtSutthisan_img_13-7994644_100-573689_a263_s90_y75_f90_0.jpg_1219.jpg,Sedan
158,ROI_96.26770782470703_Car_MrtSutthisan_img_13-7987823_100-5730103_a260_s90_y75_f90_0.jpg_1210.jpg,Sedan
159,ROI_96.335693359375_Car_MrtSutthisan_img_13-7975552_100-5714753_a239_s270_y75_f90_0.jpg_799.jpg,Sedan
160,ROI_96.41200256347656_Car_MrtSutthisan_img_13-7943299_100-5700667_a81_s270_y75_f90_0.jpg_706.jpg,SUV
161,ROI_96.46099090576172_Car_MrtSutthisan_img_13-7942117_100-5684437_a172_s90_y75_f90_0.jpg_1081.jpg,Van
162,ROI_96.48147583007812_Car_ChokChai4_img_13-8032996_100-5939342_a183-49757397559478_s270_y0_f90_1.jpg_124.jpg,Sedan
163,ROI_96.48147583007812_Car_ChokChai4_img_13-8033994_100-5939403_a183-49757397559478_s270_y0_f90_1.jpg_129.jpg,Sedan
164,ROI_96.5142593383789_Car_MrtSutthisan_img_13-7973554_100-5706212_a256_s270_y75_f90_0.jpg_791.jpg,Hatchback
165,ROI_96.5142593383789_Car_MrtSutthisan_img_13-7974526_100-5705977_a256_s270_y75_f90_0.jpg_793.jpg,Hatchback
166,ROI_96.55599975585938_Car_MrtSutthisan_img_13-7869142_100-5649126_a178_s90_y75_f90_0.jpg_944.jpg,Pickup
167,ROI_96.5806655883789_Car_MrtSutthisan_img_13-7988809_100-5729938_a260_s90_y75_f90_0.jpg_1211.jpg,Sedan
168,ROI_96.62279510498047_Car_ChokChai4_img_13-7983323_100-5873351_a200-90715188302332_s270_y0_f90_1.jpg_51.jpg,Hatchback
169,ROI_96.65357971191406_Car_ChokChai4_img_13-8036208_100-5923462_a183-01427439319534_s270_y0_f90_1.jpg_137.jpg,Pickup
170,ROI_96.6941909790039_Car_MrtSutthisan_img_13-7951824_100-5661165_a272_s90_y75_f90_0.jpg_1146.jpg,Pickup
171,ROI_96.76567077636719_Car_MrtSutthisan_img_13-7975258_100-5682191_a261_s270_y75_f90_0.jpg_798.jpg,Truck
172,ROI_96.85973358154297_Car_MrtSutthisan_img_13-7943379_100-5694357_a352_s270_y75_f90_0.jpg_708.jpg,Pickup
173,ROI_96.88885498046875_Car_ChokChai4_img_13-8058604_100-6007954_a266-93063526578254_s90_y0_f90_1.jpg_430.jpg,Van
174,ROI_96.91023254394531_Car_ChokChai4_img_13-8070966_100-5965928_a262-1216544977179_s270_y0_f90_1.jpg_220.jpg,Pickup
175,ROI_96.93974304199219_Car_MrtSutthisan_img_13-7899596_100-5683265_a354_s270_y75_f90_0.jpg_536.jpg,Sedan
176,ROI_96.93974304199219_Car_MrtSutthisan_img_13-7899783_100-5685256_a354_s270_y75_f90_0.jpg_541.jpg,Pickup
177,ROI_96.9655532836914_Car_ChokChai4_img_13-8013695_100-5878216_a171-9988679348423_s270_y0_f90_1.jpg_87.jpg,Sedan
178,ROI_96.99771881103516_Car_MrtSutthisan_img_13-7921069_100-567043_a272_s270_y75_f90_0.jpg_631.jpg,Van
179,ROI_96.99771881103516_Car_MrtSutthisan_img_13-7921069_100-567043_a272_s270_y75_f90_0.jpg_632.jpg,Pickup
180,ROI_97.00483703613281_Car_MrtSutthisan_img_13-7994644_100-573689_a83_s270_y75_f90_0.jpg_881.jpg,Truck
181,ROI_97.06929779052734_Car_MrtSutthisan_img_13-7979932_100-5731421_a260_s90_y75_f90_0.jpg_1195.jpg,Pickup
182,ROI_97.13273620605469_Car_ChokChai4_img_13-7987803_100-5905994_a182-4493328205834_s90_y0_f90_1.jpg_298.jpg,Pickup
183,ROI_97.21868896484375_Car_MrtSutthisan_img_13-7984146_100-5709648_a239_s270_y75_f90_0.jpg_872.jpg,Pickup
184,ROI_97.26142120361328_Car_MrtSutthisan_img_13-7900068_100-5680516_a86_s90_y75_f90_0.jpg_988.jpg,Sedan
185,ROI_97.26396179199219_Car_MrtSutthisan_img_13-7900201_100-5669447_a265_s90_y75_f90_0.jpg_993.jpg,Sedan
186,ROI_97.26396179199219_Car_MrtSutthisan_img_13-7901198_100-5669372_a265_s90_y75_f90_0.jpg_1000.jpg,Sedan
187,ROI_97.26802062988281_Car_ChokChai4_img_13-8047787_100-5868205_a189-7125275469402_s90_y0_f90_1.jpg_382.jpg,Sedan
188,ROI_97.28284454345703_Car_MrtSutthisan_img_13-7989677_100-5737463_a263_s90_y75_f90_0.jpg_1214.jpg,Sedan
189,ROI_97.29920196533203_Car_MrtSutthisan_img_13-7982208_100-570379_a249_s270_y75_f90_0.jpg_849.jpg,Sedan
190,ROI_97.29920196533203_Car_MrtSutthisan_img_13-7982208_100-570379_a249_s270_y75_f90_0.jpg_850.jpg,Sedan
191,ROI_97.35733795166016_Car_MrtSutthisan_img_13-7943126_100-5692373_a352_s270_y75_f90_0.jpg_705.jpg,SUV
192,ROI_97.35733795166016_Car_MrtSutthisan_img_13-7943_100-5691381_a352_s270_y75_f90_0.jpg_710.jpg,SUV
193,ROI_97.41753387451172_Car_MrtSutthisan_img_13-7945936_100-5687166_a173_s270_y75_f90_0.jpg_727.jpg,Sedan
194,ROI_97.41753387451172_Car_MrtSutthisan_img_13-7946163_100-5689154_a173_s270_y75_f90_0.jpg_730.jpg,Pickup
195,ROI_97.41753387451172_Car_MrtSutthisan_img_13-7946163_100-5689154_a173_s270_y75_f90_0.jpg_731.jpg,Sedan
196,ROI_97.42259979248047_Car_MrtSutthisan_img_13-7945823_100-5686173_a173_s270_y75_f90_0.jpg_724.jpg,Pickup
197,ROI_97.46715545654297_Car_MrtSutthisan_img_13-7858148_100-573912_a182_s270_y75_f90_0.jpg_481.jpg,Sedan
198,ROI_97.46715545654297_Car_MrtSutthisan_img_13-7858187_100-5738121_a182_s270_y75_f90_0.jpg_483.jpg,Sedan
199,ROI_97.58267211914062_Car_ChokChai4_img_13-7990795_100-5906182_a187-25534824908428_s90_y0_f90_1.jpg_302.jpg,Sedan
200,ROI_97.58267211914062_Car_ChokChai4_img_13-7990795_100-5906182_a187-25534824908428_s90_y0_f90_1.jpg_303.jpg,Pickup
201,ROI_97.65345001220703_Car_ChokChai4_img_13-8070281_100-5960976_a262-1216544977179_s270_y0_f90_1.jpg_214.jpg,Sedan
202,ROI_97.70304870605469_Car_ChokChai4_img_13-7980731_100-5885266_a357-26874611183615_s270_y0_f90_1.jpg_39.jpg,MPV
203,ROI_97.70304870605469_Car_ChokChai4_img_13-7980731_100-5885266_a357-26874611183615_s270_y0_f90_1.jpg_40.jpg,Sedan
204,ROI_97.72349548339844_Car_MrtSutthisan_img_13-7983311_100-5710192_a239_s270_y75_f90_0.jpg_859.jpg,Hatchback
205,ROI_97.72349548339844_Car_MrtSutthisan_img_13-7983311_100-5710192_a239_s270_y75_f90_0.jpg_860.jpg,Pickup
206,ROI_97.72349548339844_Car_MrtSutthisan_img_13-7983311_100-5710192_a239_s270_y75_f90_0.jpg_861.jpg,Pickup
207,ROI_97.72349548339844_Car_MrtSutthisan_img_13-7983311_100-5710192_a239_s270_y75_f90_0.jpg_862.jpg,Pickup
208,ROI_97.72349548339844_Car_MrtSutthisan_img_13-7983311_100-5710192_a239_s270_y75_f90_0.jpg_863.jpg,Pickup
209,ROI_97.72349548339844_Car_MrtSutthisan_img_13-7983311_100-5710192_a239_s270_y75_f90_0.jpg_865.jpg,Pickup
210,ROI_97.72349548339844_Car_MrtSutthisan_img_13-7983311_100-5710192_a239_s270_y75_f90_0.jpg_866.jpg,Pickup
211,ROI_97.72349548339844_Car_MrtSutthisan_img_13-7983311_100-5710192_a239_s270_y75_f90_0.jpg_868.jpg,Van
212,ROI_97.72975158691406_Car_ChokChai4_img_13-805928_100-6020937_a267-61153940968546_s270_y0_f90_1.jpg_188.jpg,Sedan
213,ROI_97.72975158691406_Car_ChokChai4_img_13-805928_100-6020937_a267-61153940968546_s270_y0_f90_1.jpg_189.jpg,Sedan
214,ROI_97.7509536743164_Car_MrtSutthisan_img_13-7887013_100-5706508_a80_s90_y75_f90_0.jpg_950.jpg,Pickup
215,ROI_97.77672576904297_Car_MrtSutthisan_img_13-7847292_100-56874_a89_s90_y75_f90_0.jpg_913.jpg,Sedan
216,ROI_97.77672576904297_Car_MrtSutthisan_img_13-7847292_100-56874_a89_s90_y75_f90_0.jpg_914.jpg,SUV
217,ROI_97.8065414428711_Car_MrtSutthisan_img_13-7934052_100-5671053_a272_s270_y75_f90_0.jpg_663.jpg,Sedan
218,ROI_97.80878448486328_Car_MrtSutthisan_img_13-7951645_100-5702519_a88_s270_y75_f90_0.jpg_760.jpg,Sedan
219,ROI_97.84593963623047_Car_ChokChai4_img_13-8035209_100-5923409_a183-01427439319534_s90_y0_f90_1.jpg_369.jpg,Sedan
220,ROI_97.88878631591797_Car_ChokChai4_img_13-7981729_100-5885219_a357-26874611183615_s270_y0_f90_1.jpg_42.jpg,Sedan
221,ROI_97.90020751953125_Car_MrtSutthisan_img_13-7898948_100-5672286_a177_s90_y75_f90_0.jpg_971.jpg,Sedan
222,ROI_97.96310424804688_Car_MrtSutthisan_img_13-7896076_100-5680772_a86_s90_y75_f90_0.jpg_965.jpg,Pickup
223,ROI_97.9708023071289_Car_MrtSutthisan_img_13-7899971_100-5687247_a354_s270_y75_f90_0.jpg_544.jpg,Sedan
224,ROI_97.9708023071289_Car_MrtSutthisan_img_13-7899971_100-5687247_a354_s270_y75_f90_0.jpg_545.jpg,Pickup
225,ROI_98.0373306274414_Car_MrtSutthisan_img_13-7977443_100-5705273_a256_s270_y75_f90_0.jpg_814.jpg,MPV
226,ROI_98.05194854736328_Car_MrtSutthisan_img_13-7992657_100-5737119_a83_s270_y75_f90_0.jpg_877.jpg,Sedan
227,ROI_98.05585479736328_Car_MrtSutthisan_img_13-7946389_100-5691141_a173_s270_y75_f90_0.jpg_733.jpg,Pickup
228,ROI_98.0631332397461_Car_ChokChai4_img_13-7954807_100-6031016_a187-21598902886774_s270_y0_f90_1.jpg_1.jpg,Hatchback
229,ROI_98.15973663330078_Car_MrtSutthisan_img_13-7955821_100-5661318_a272_s90_y75_f90_0.jpg_1148.jpg,SUV
230,ROI_98.15973663330078_Car_MrtSutthisan_img_13-7955821_100-5661318_a272_s90_y75_f90_0.jpg_1149.jpg,Pickup
231,ROI_98.18545532226562_Car_ChokChai4_img_13-8053205_100-5875768_a9-673355432960797_s90_y0_f90_1.jpg_412.jpg,Sedan
232,ROI_98.23689270019531_Car_MrtSutthisan_img_13-7977048_100-5720139_a59_s90_y75_f90_0.jpg_1186.jpg,MPV
233,ROI_98.2667465209961_Car_ChokChai4_img_13-8072188_100-5878565_a279-30180299767085_s270_y0_f90_1.jpg_228.jpg,Hatchback
234,ROI_98.27593231201172_Car_MrtSutthisan_img_13-7949233_100-5699784_a80_s270_y75_f90_0.jpg_741.jpg,Sedan
235,ROI_98.27593231201172_Car_MrtSutthisan_img_13-7949233_100-5699784_a80_s270_y75_f90_0.jpg_742.jpg,
236,ROI_98.2999267578125_Car_ChokChai4_img_13-8043495_100-5872613_a192-56152801652308_s270_y0_f90_1.jpg_148.jpg,SUV
237,ROI_98.31195831298828_Car_ChokChai4_img_13-8053323_100-58911_a258-6912009960614_s270_y0_f90_1.jpg_168.jpg,Sedan
238,ROI_98.34712982177734_Car_MrtSutthisan_img_13-7890957_100-5705839_a80_s90_y75_f90_0.jpg_957.jpg,SUV
239,ROI_98.36366271972656_Car_MrtSutthisan_img_13-7935609_100-5696135_a347_s270_y75_f90_0.jpg_668.jpg,Hatchback
240,ROI_98.36366271972656_Car_MrtSutthisan_img_13-7935609_100-5696135_a347_s270_y75_f90_0.jpg_669.jpg,SUV
241,ROI_98.36848449707031_Car_ChokChai4_img_13-8054696_100-5897964_a258-6912009960614_s270_y0_f90_1.jpg_180.jpg,Sedan
242,ROI_98.36848449707031_Car_ChokChai4_img_13-8054696_100-5897964_a258-6912009960614_s270_y0_f90_1.jpg_181.jpg,Sedan
243,ROI_98.3730239868164_Car_ChokChai4_img_13-7979732_100-5885314_a357-26874611183615_s270_y0_f90_1.jpg_33.jpg,MPV
244,ROI_98.40834045410156_Car_ChokChai4_img_13-8071103_100-5966919_a262-1216544977179_s270_y0_f90_1.jpg_221.jpg,Hatchback
245,ROI_98.41453552246094_Car_MrtSutthisan_img_13-7869794_100-5669116_a178_s90_y75_f90_0.jpg_947.jpg,SUV
246,ROI_98.4217758178711_Car_MrtSutthisan_img_13-7976248_100-5682051_a261_s270_y75_f90_0.jpg_804.jpg,Pickup
247,ROI_98.4478759765625_Car_ChokChai4_img_13-8054696_100-5897964_a258-6912009960614_s90_y0_f90_1.jpg_420.jpg,Sedan
248,ROI_98.4478759765625_Car_ChokChai4_img_13-8054696_100-5897964_a258-6912009960614_s90_y0_f90_1.jpg_421.jpg,Pickup
249,ROI_98.4478759765625_Car_ChokChai4_img_13-8054696_100-5897964_a258-6912009960614_s90_y0_f90_1.jpg_422.jpg,SUV
250,ROI_98.44818115234375_Car_ChokChai4_img_13-8021582_100-587533_a81-56622293026595_s270_y0_f90_1.jpg_101.jpg,Hatchback
251,ROI_98.47225952148438_Car_MrtSutthisan_img_13-7899204_100-5669522_a265_s90_y75_f90_0.jpg_983.jpg,Pickup
252,ROI_98.5012435913086_Car_MrtSutthisan_img_13-7897074_100-5680706_a266_s270_y75_f90_0.jpg_503.jpg,Van
253,ROI_98.5012435913086_Car_MrtSutthisan_img_13-7897074_100-5680706_a266_s270_y75_f90_0.jpg_504.jpg,Pickup
254,ROI_98.50288391113281_Car_ChokChai4_img_13-803765_100-5871256_a193-3996318484995_s270_y0_f90_1.jpg_140.jpg,Pickup
255,ROI_98.50670623779297_Car_MrtSutthisan_img_13-7822828_100-5806724_a120_s90_y75_f90_0.jpg_906.jpg,Sedan
256,ROI_98.50958251953125_Car_ChokChai4_img_13-8059664_100-6027926_a266-5430993252404_s90_y0_f90_1.jpg_437.jpg,Hatchback
257,ROI_98.54195404052734_Car_ChokChai4_img_13-8051156_100-6043763_a264-869865784161_s270_y0_f90_1.jpg_163.jpg,Hatchback
258,ROI_98.55940246582031_Car_MrtSutthisan_img_13-7926333_100-5697315_a87_s90_y75_f90_0.jpg_1055.jpg,SUV
259,ROI_98.61870574951172_Car_MrtSutthisan_img_13-7813367_100-5695038_a183_s270_y75_f90_0.jpg_453.jpg,Hatchback
260,ROI_98.61870574951172_Car_MrtSutthisan_img_13-7813367_100-5695038_a183_s270_y75_f90_0.jpg_454.jpg,Pickup
261,ROI_98.62530517578125_Car_MrtSutthisan_img_13-7869045_100-5646128_a178_s90_y75_f90_0.jpg_943.jpg,Van
262,ROI_98.63052368164062_Car_ChokChai4_img_13-8059603_100-6026928_a266-5430993252404_s90_y0_f90_1.jpg_435.jpg,Pickup
263,ROI_98.63052368164062_Car_ChokChai4_img_13-8059603_100-6026928_a266-5430993252404_s90_y0_f90_1.jpg_436.jpg,SUV
264,ROI_98.6472396850586_Car_ChokChai4_img_13-8033002_100-5865675_a189-7125275469402_s270_y0_f90_1.jpg_126.jpg,Hatchback
265,ROI_98.65007781982422_Car_ChokChai4_img_13-8028219_100-5923051_a182-87432022899867_s90_y0_f90_1.jpg_348.jpg,Pickup
266,ROI_98.71298217773438_Car_MrtSutthisan_img_13-794205_100-5677809_a248_s90_y75_f90_0.jpg_1079.jpg,
267,ROI_98.71298217773438_Car_MrtSutthisan_img_13-794205_100-5677809_a248_s90_y75_f90_0.jpg_1080.jpg,Sedan
268,ROI_98.75183868408203_Car_MrtSutthisan_img_13-7900533_100-5693221_a354_s270_y75_f90_0.jpg_560.jpg,Sedan
269,ROI_98.75264739990234_Car_ChokChai4_img_13-8017093_100-5880695_a81-8262484780708_s90_y0_f90_1.jpg_340.jpg,Sedan
270,ROI_98.78311157226562_Car_MrtSutthisan_img_13-7945597_100-5684186_a173_s270_y75_f90_0.jpg_721.jpg,MPV
271,ROI_98.78507232666016_Car_MrtSutthisan_img_13-7967041_100-5728563_a101_s90_y75_f90_0.jpg_1165.jpg,Sedan
272,ROI_98.78507232666016_Car_MrtSutthisan_img_13-7967041_100-5728563_a101_s90_y75_f90_0.jpg_1166.jpg,Sedan
273,ROI_98.79995727539062_Car_ChokChai4_img_13-8011888_100-5914347_a188-37499915838134_s90_y0_f90_1.jpg_334.jpg,Hatchback
274,ROI_98.79995727539062_Car_ChokChai4_img_13-8011888_100-5914347_a188-37499915838134_s90_y0_f90_1.jpg_338.jpg,SUV
275,ROI_98.81340026855469_Car_ChokChai4_img_13-8038623_100-5871488_a193-3996318484995_s270_y0_f90_1.jpg_143.jpg,SUV
276,ROI_98.83890533447266_Car_MrtSutthisan_img_13-7920999_100-5671416_a354_s270_y75_f90_0.jpg_627.jpg,Pickup
277,ROI_98.85183715820312_Car_MrtSutthisan_img_13-7972473_100-5701266_a257_s270_y75_f90_0.jpg_786.jpg,Sedan
278,ROI_98.85183715820312_Car_MrtSutthisan_img_13-7972473_100-5701266_a257_s270_y75_f90_0.jpg_787.jpg,Sedan
279,ROI_98.85183715820312_Car_MrtSutthisan_img_13-7972473_100-5701266_a257_s270_y75_f90_0.jpg_789.jpg,Sedan
280,ROI_98.85447692871094_Car_ChokChai4_img_13-8075614_100-594688_a261-1318377437573_s270_y0_f90_1.jpg_232.jpg,Pickup
281,ROI_98.86198425292969_Car_ChokChai4_img_13-803599_100-5939525_a183-49757397559478_s90_y0_f90_1.jpg_371.jpg,Sedan
282,ROI_98.86198425292969_Car_ChokChai4_img_13-803599_100-5939525_a183-49757397559478_s90_y0_f90_1.jpg_372.jpg,SUV
283,ROI_98.89092254638672_Car_MrtSutthisan_img_13-7838637_100-5696811_a170_s270_y75_f90_0.jpg_473.jpg,SUV
284,ROI_98.9028549194336_Car_MrtSutthisan_img_13-7900252_100-5690234_a354_s270_y75_f90_0.jpg_553.jpg,Sedan
285,ROI_98.92363739013672_Car_MrtSutthisan_img_13-7888985_100-5706173_a80_s90_y75_f90_0.jpg_953.jpg,Pickup
286,ROI_98.92363739013672_Car_MrtSutthisan_img_13-7888985_100-5706173_a80_s90_y75_f90_0.jpg_954.jpg,Pickup
287,ROI_98.92980194091797_Car_MrtSutthisan_img_13-7917678_100-5683007_a162_s90_y75_f90_0.jpg_1043.jpg,Sedan
288,ROI_98.9321060180664_Car_MrtSutthisan_img_13-795022_100-5699622_a80_s270_y75_f90_0.jpg_745.jpg,Sedan
289,ROI_98.9321060180664_Car_MrtSutthisan_img_13-795022_100-5699622_a80_s270_y75_f90_0.jpg_750.jpg,Pickup
290,ROI_98.93213653564453_Car_MrtSutthisan_img_13-7951207_100-569946_a80_s270_y75_f90_0.jpg_754.jpg,Sedan
291,ROI_98.93213653564453_Car_MrtSutthisan_img_13-7951207_100-569946_a80_s270_y75_f90_0.jpg_755.jpg,Pickup
292,ROI_98.93213653564453_Car_MrtSutthisan_img_13-7951207_100-569946_a80_s270_y75_f90_0.jpg_756.jpg,Pickup
293,ROI_98.93213653564453_Car_MrtSutthisan_img_13-7951207_100-569946_a80_s270_y75_f90_0.jpg_757.jpg,Pickup
294,ROI_98.93213653564453_Car_MrtSutthisan_img_13-7951207_100-569946_a80_s270_y75_f90_0.jpg_759.jpg,Pickup
295,ROI_98.95902252197266_Car_MrtSutthisan_img_13-7946049_100-568816_a353_s90_y75_f90_0.jpg_1116.jpg,Pickup
296,ROI_98.95902252197266_Car_MrtSutthisan_img_13-7946163_100-5689154_a353_s90_y75_f90_0.jpg_1118.jpg,Pickup
297,ROI_98.9641342163086_Car_MrtSutthisan_img_13-7973973_100-5727619_a80_s90_y75_f90_0.jpg_1179.jpg,MPV
298,ROI_98.96514892578125_Car_ChokChai4_img_13-7980632_100-6034018_a186-58018729187913_s90_y0_f90_1.jpg_269.jpg,Sedan
299,ROI_98.97720336914062_Car_MrtSutthisan_img_13-7907901_100-5687126_a81_s90_y75_f90_0.jpg_1011.jpg,Sedan
300,ROI_98.98880004882812_Car_ChokChai4_img_13-8013293_100-5878959_a80-90679491656218_s270_y0_f90_1.jpg_86.jpg,Sedan
301,ROI_98.99501037597656_Car_ChokChai4_img_13-8061093_100-5877103_a9-515618437139157_s270_y0_f90_1.jpg_204.jpg,Sedan
302,ROI_98.99501037597656_Car_ChokChai4_img_13-8063065_100-5877433_a9-515618437139157_s270_y0_f90_1.jpg_208.jpg,Sedan
303,ROI_99.01510620117188_Car_MrtSutthisan_img_13-7900626_100-5694216_a354_s270_y75_f90_0.jpg_563.jpg,SUV
304,ROI_99.01510620117188_Car_MrtSutthisan_img_13-7900626_100-5694216_a354_s270_y75_f90_0.jpg_565.jpg,
305,ROI_99.01510620117188_Car_MrtSutthisan_img_13-7900626_100-5694216_a354_s270_y75_f90_0.jpg_566.jpg,
306,ROI_99.03885650634766_Car_ChokChai4_img_13-8054676_100-5870422_a194-4861304120992_s270_y0_f90_1.jpg_179.jpg,Pickup
307,ROI_99.06071472167969_Car_MrtSutthisan_img_13-794571_100-5685179_a353_s90_y75_f90_0.jpg_1110.jpg,Pickup
308,ROI_99.06071472167969_Car_MrtSutthisan_img_13-7945823_100-5686173_a353_s90_y75_f90_0.jpg_1112.jpg,Pickup
309,ROI_99.06454467773438_Car_MrtSutthisan_img_13-7900201_100-5669447_a85_s270_y75_f90_0.jpg_552.jpg,Sedan
310,ROI_99.06687927246094_Car_MrtSutthisan_img_13-7952823_100-5661203_a92_s270_y75_f90_0.jpg_764.jpg,Sedan
311,ROI_99.06687927246094_Car_MrtSutthisan_img_13-7952823_100-5661203_a92_s270_y75_f90_0.jpg_765.jpg,Sedan
312,ROI_99.06974792480469_Car_MrtSutthisan_img_13-7828547_100-5670825_a175_s90_y75_f90_0.jpg_907.jpg,Sedan
313,ROI_99.07612609863281_Car_ChokChai4_img_13-7954807_100-6031016_a187-21598902886774_s90_y0_f90_1.jpg_236.jpg,SUV
314,ROI_99.10189056396484_Car_MrtSutthisan_img_13-7926063_100-5670683_a272_s270_y75_f90_0.jpg_649.jpg,Sedan
315,ROI_99.12812042236328_Car_ChokChai4_img_13-8051246_100-6044759_a264-869865784161_s270_y0_f90_1.jpg_164.jpg,Hatchback
316,ROI_99.1365966796875_Car_MrtSutthisan_img_13-7839292_100-5687436_a269_s270_y75_f90_0.jpg_475.jpg,SUV
317,ROI_99.16277313232422_Car_ChokChai4_img_13-8037931_100-5866518_a189-7125275469402_s270_y0_f90_1.jpg_142.jpg,SUV
318,ROI_99.2098159790039_Car_ChokChai4_img_13-7981729_100-5885219_a357-26874611183615_s90_y0_f90_1.jpg_277.jpg,Pickup
319,ROI_99.21334075927734_Car_MrtSutthisan_img_13-7906568_100-5683762_a259_s270_y75_f90_0.jpg_580.jpg,MPV
320,ROI_99.23102569580078_Car_ChokChai4_img_13-7978733_100-5885362_a357-26874611183615_s270_y0_f90_1.jpg_25.jpg,Pickup
321,ROI_99.23102569580078_Car_ChokChai4_img_13-7978733_100-5885362_a357-26874611183615_s270_y0_f90_1.jpg_26.jpg,Sedan
322,ROI_99.26473999023438_Car_MrtSutthisan_img_13-7898948_100-5673285_a357_s270_y75_f90_0.jpg_510.jpg,Sedan
323,ROI_99.28018951416016_Car_ChokChai4_img_13-7977734_100-588541_a357-22164925439495_s270_y0_f90_1.jpg_18.jpg,Sedan
324,ROI_99.28971099853516_Car_ChokChai4_img_13-8061467_100-5872116_a193-61152345259288_s270_y0_f90_1.jpg_205.jpg,SUV
325,ROI_99.30581665039062_Car_ChokChai4_img_13-7988802_100-5906037_a182-4493328205834_s90_y0_f90_1.jpg_301.jpg,Pickup
326,ROI_99.30663299560547_Car_ChokChai4_img_13-7973811_100-5906102_a180-5812875399312_s90_y0_f90_1.jpg_248.jpg,SUV
327,ROI_99.30663299560547_Car_ChokChai4_img_13-7973811_100-5906102_a180-5812875399312_s90_y0_f90_1.jpg_250.jpg,Truck
328,ROI_99.30764770507812_Car_ChokChai4_img_13-7979806_100-5905968_a176-09835820787362_s270_y0_f90_1.jpg_36.jpg,Pickup
329,ROI_99.31272888183594_Car_MrtSutthisan_img_13-7907502_100-5687184_a176_s90_y75_f90_0.jpg_1005.jpg,Sedan
330,ROI_99.31399536132812_Car_MrtSutthisan_img_13-7917369_100-5681999_a150_s270_y75_f90_0.jpg_611.jpg,Pickup
331,ROI_99.314697265625_Car_MrtSutthisan_img_13-7970307_100-5682889_a261_s270_y75_f90_0.jpg_781.jpg,Hatchback
332,ROI_99.33299255371094_Car_ChokChai4_img_13-8048866_100-5868921_a194-4861304120992_s90_y0_f90_1.jpg_391.jpg,Pickup
333,ROI_99.33299255371094_Car_ChokChai4_img_13-8048866_100-5868921_a194-4861304120992_s90_y0_f90_1.jpg_392.jpg,Sedan
334,ROI_99.33299255371094_Car_ChokChai4_img_13-8048866_100-5868921_a194-4861304120992_s90_y0_f90_1.jpg_393.jpg,Sedan
335,ROI_99.33299255371094_Car_ChokChai4_img_13-8048866_100-5868921_a194-4861304120992_s90_y0_f90_1.jpg_395.jpg,SUV
336,ROI_99.33535766601562_Car_MrtSutthisan_img_13-7946276_100-5690147_a173_s270_y75_f90_0.jpg_732.jpg,Sedan
337,ROI_99.3547592163086_Car_ChokChai4_img_13-8054191_100-5875936_a9-673355432960797_s270_y0_f90_1.jpg_177.jpg,Sedan
338,ROI_99.36202239990234_Car_MrtSutthisan_img_13-7928475_100-5661539_a97_s90_y75_f90_0.jpg_1057.jpg,Pickup
339,ROI_99.41041564941406_Car_ChokChai4_img_13-8053707_100-5870172_a194-4861304120992_s270_y0_f90_1.jpg_172.jpg,Pickup
340,ROI_99.4127426147461_Car_ChokChai4_img_13-8069869_100-5958004_a262-1216544977179_s270_y0_f90_1.jpg_211.jpg,MPV
341,ROI_99.42000579833984_Car_MrtSutthisan_img_13-78949_100-570517_a80_s90_y75_f90_0.jpg_961.jpg,SUV
342,ROI_99.42057037353516_Car_MrtSutthisan_img_13-7968033_100-5728454_a82_s90_y75_f90_0.jpg_1167.jpg,Sedan
343,ROI_99.42057037353516_Car_MrtSutthisan_img_13-7968033_100-5728454_a82_s90_y75_f90_0.jpg_1168.jpg,Sedan
344,ROI_99.42057037353516_Car_MrtSutthisan_img_13-7969025_100-5728328_a82_s90_y75_f90_0.jpg_1169.jpg,Sedan
345,ROI_99.42092895507812_Car_MrtSutthisan_img_13-7908535_100-5683403_a259_s270_y75_f90_0.jpg_590.jpg,Sedan
346,ROI_99.4382553100586_Car_MrtSutthisan_img_13-797469_100-5715259_a239_s270_y75_f90_0.jpg_795.jpg,Pickup
347,ROI_99.4382553100586_Car_MrtSutthisan_img_13-797469_100-5715259_a239_s270_y75_f90_0.jpg_797.jpg,Sedan
348,ROI_99.4420394897461_Car_ChokChai4_img_13-7979638_100-6033903_a186-58065145219268_s90_y0_f90_1.jpg_266.jpg,Sedan
349,ROI_99.44792938232422_Car_MrtSutthisan_img_13-7917385_100-5682051_a162_s90_y75_f90_0.jpg_1040.jpg,Sedan
350,ROI_99.44792938232422_Car_MrtSutthisan_img_13-7917385_100-5682051_a162_s90_y75_f90_0.jpg_1041.jpg,Pickup
351,ROI_99.45703887939453_Car_MrtSutthisan_img_13-7982449_100-5710699_a59_s90_y75_f90_0.jpg_1201.jpg,Sedan
352,ROI_99.45729064941406_Car_MrtSutthisan_img_13-7941424_100-5678484_a10_s270_y75_f90_0.jpg_678.jpg,Pickup
353,ROI_99.45729064941406_Car_MrtSutthisan_img_13-7941424_100-5678484_a10_s270_y75_f90_0.jpg_681.jpg,Pickup
354,ROI_99.45729064941406_Car_MrtSutthisan_img_13-7941424_100-5678484_a10_s270_y75_f90_0.jpg_684.jpg,Sedan
355,ROI_99.45795440673828_Car_MrtSutthisan_img_13-7900252_100-5690234_a174_s90_y75_f90_0.jpg_994.jpg,MPV
356,ROI_99.45795440673828_Car_MrtSutthisan_img_13-7900345_100-569123_a174_s90_y75_f90_0.jpg_995.jpg,MPV
357,ROI_99.46051025390625_Car_MrtSutthisan_img_13-7978415_100-5705039_a256_s270_y75_f90_0.jpg_816.jpg,SUV
358,ROI_99.46224975585938_Car_MrtSutthisan_img_13-7816157_100-5736872_a169_s270_y75_f90_0.jpg_459.jpg,Sedan
359,ROI_99.46224975585938_Car_MrtSutthisan_img_13-7816157_100-5736872_a169_s270_y75_f90_0.jpg_460.jpg,Sedan
360,ROI_99.46224975585938_Car_MrtSutthisan_img_13-7816157_100-5736872_a169_s270_y75_f90_0.jpg_463.jpg,Pickup
361,ROI_99.46725463867188_Car_MrtSutthisan_img_13-7946615_100-5693128_a173_s270_y75_f90_0.jpg_734.jpg,Sedan
362,ROI_99.46946716308594_Car_MrtSutthisan_img_13-7944709_100-5706985_a180_s270_y75_f90_0.jpg_714.jpg,Hatchback
363,ROI_99.47699737548828_Car_ChokChai4_img_13-8059483_100-6024931_a266-5430993252404_s90_y0_f90_1.jpg_433.jpg,SUV
364,ROI_99.47750091552734_Car_MrtSutthisan_img_13-783859_100-5695814_a181_s270_y75_f90_0.jpg_466.jpg,SUV
365,ROI_99.48213195800781_Car_MrtSutthisan_img_13-7945257_100-5681205_a353_s90_y75_f90_0.jpg_1104.jpg,Sedan
366,ROI_99.48213195800781_Car_MrtSutthisan_img_13-7945257_100-5681205_a353_s90_y75_f90_0.jpg_1106.jpg,Pickup
367,ROI_99.48294830322266_Car_ChokChai4_img_13-8041873_100-5867193_a189-7125275469402_s270_y0_f90_1.jpg_147.jpg,Sedan
368,ROI_99.49275207519531_Car_ChokChai4_img_13-8051067_100-6042767_a264-869865784161_s90_y0_f90_1.jpg_400.jpg,Hatchback
369,ROI_99.50924682617188_Car_MrtSutthisan_img_13-794199_100-5683445_a172_s90_y75_f90_0.jpg_1077.jpg,Sedan
370,ROI_99.51022338867188_Car_MrtSutthisan_img_13-7905063_100-5680336_a270_s270_y75_f90_0.jpg_576.jpg,Sedan
371,ROI_99.51282501220703_Car_ChokChai4_img_13-7961204_100-5884821_a86-9176799730338_s270_y0_f90_1.jpg_5.jpg,Sedan
372,ROI_99.51282501220703_Car_ChokChai4_img_13-7961204_100-5884821_a86-9176799730338_s270_y0_f90_1.jpg_6.jpg,Hatchback
373,ROI_99.51282501220703_Car_ChokChai4_img_13-7961257_100-588582_a86-9176799730338_s270_y0_f90_1.jpg_10.jpg,Hatchback
374,ROI_99.51282501220703_Car_ChokChai4_img_13-7961257_100-588582_a86-9176799730338_s270_y0_f90_1.jpg_7.jpg,Sedan
375,ROI_99.51282501220703_Car_ChokChai4_img_13-7961257_100-588582_a86-9176799730338_s270_y0_f90_1.jpg_9.jpg,Sedan
376,ROI_99.51282501220703_Car_ChokChai4_img_13-7961311_100-5886818_a86-9176799730338_s270_y0_f90_1.jpg_11.jpg,Sedan
377,ROI_99.51490020751953_Car_MrtSutthisan_img_13-7891943_100-5705672_a80_s90_y75_f90_0.jpg_958.jpg,Pickup
378,ROI_99.51490020751953_Car_MrtSutthisan_img_13-7891943_100-5705672_a80_s90_y75_f90_0.jpg_959.jpg,Pickup
379,ROI_99.5158920288086_Car_MrtSutthisan_img_13-7941738_100-5681461_a172_s90_y75_f90_0.jpg_1075.jpg,Sedan
380,ROI_99.51947021484375_Car_MrtSutthisan_img_13-7946728_100-5694122_a173_s270_y75_f90_0.jpg_736.jpg,MPV
381,ROI_99.64501953125_Car_MrtSutthisan_img_13-7980335_100-570449_a249_s270_y75_f90_0.jpg_827.jpg,Pickup
382,ROI_99.64554595947266_Car_MrtSutthisan_img_13-7946502_100-5692134_a353_s90_y75_f90_0.jpg_1120.jpg,SUV
383,ROI_99.64654541015625_Car_MrtSutthisan_img_13-7900064_100-5688243_a354_s270_y75_f90_0.jpg_546.jpg,Sedan
384,ROI_99.64654541015625_Car_MrtSutthisan_img_13-7900064_100-5688243_a354_s270_y75_f90_0.jpg_548.jpg,Pickup
385,ROI_99.64654541015625_Car_MrtSutthisan_img_13-7900158_100-5689238_a354_s270_y75_f90_0.jpg_549.jpg,Sedan
386,ROI_99.64654541015625_Car_MrtSutthisan_img_13-7900158_100-5689238_a354_s270_y75_f90_0.jpg_551.jpg,Pickup
387,ROI_99.64736938476562_Car_MrtSutthisan_img_13-7916429_100-5682107_a83_s90_y75_f90_0.jpg_1037.jpg,Sedan
388,ROI_99.64736938476562_Car_MrtSutthisan_img_13-7916429_100-5682107_a83_s90_y75_f90_0.jpg_1038.jpg,Hatchback
389,ROI_99.65199279785156_Car_MrtSutthisan_img_13-7903063_100-5680354_a266_s270_y75_f90_0.jpg_570.jpg,Sedan
390,ROI_99.65199279785156_Car_MrtSutthisan_img_13-7903063_100-5680354_a266_s270_y75_f90_0.jpg_571.jpg,Sedan
391,ROI_99.68199920654297_Car_MrtSutthisan_img_13-789928_100-5679278_a357_s270_y75_f90_0.jpg_524.jpg,
392,ROI_99.68199920654297_Car_MrtSutthisan_img_13-789928_100-5679278_a357_s270_y75_f90_0.jpg_525.jpg,SUV
393,ROI_99.68293762207031_Car_ChokChai4_img_13-8015036_100-6002739_a272-0788488226845_s270_y0_f90_1.jpg_92.jpg,SUV
394,ROI_99.6855239868164_Car_ChokChai4_img_13-8026006_100-5938963_a182-09259862589016_s90_y0_f90_1.jpg_343.jpg,Hatchback
395,ROI_99.6855239868164_Car_ChokChai4_img_13-8026006_100-5938963_a182-09259862589016_s90_y0_f90_1.jpg_344.jpg,Sedan
396,ROI_99.68708038330078_Car_MrtSutthisan_img_13-7899138_100-5676281_a357_s270_y75_f90_0.jpg_513.jpg,Hatchback
397,ROI_99.68708038330078_Car_MrtSutthisan_img_13-7899138_100-5676281_a357_s270_y75_f90_0.jpg_514.jpg,Pickup
398,ROI_99.6890869140625_Car_MrtSutthisan_img_13-7910871_100-5686707_a263_s270_y75_f90_0.jpg_593.jpg,Hatchback
399,ROI_99.69772338867188_Car_ChokChai4_img_13-8048375_100-58737_a192-56152801652308_s90_y0_f90_1.jpg_383.jpg,Hatchback
400,ROI_99.69772338867188_Car_ChokChai4_img_13-8048375_100-58737_a192-56152801652308_s90_y0_f90_1.jpg_384.jpg,Sedan
401,ROI_99.69772338867188_Car_ChokChai4_img_13-8048375_100-58737_a192-56152801652308_s90_y0_f90_1.jpg_385.jpg,MPV
402,ROI_99.6994857788086_Car_ChokChai4_img_13-8008778_100-5873546_a83-26921836735819_s270_y0_f90_1.jpg_83.jpg,Sedan
403,ROI_99.70077514648438_Car_ChokChai4_img_13-8033759_100-5870329_a193-3996318484995_s270_y0_f90_1.jpg_127.jpg,Pickup
404,ROI_99.70124053955078_Car_ChokChai4_img_13-8074997_100-5942927_a261-1318377437573_s90_y0_f90_1.jpg_444.jpg,Sedan
405,ROI_99.70172882080078_Car_MrtSutthisan_img_13-793145_100-5661925_a97_s90_y75_f90_0.jpg_1061.jpg,Sedan
406,ROI_99.70260620117188_Car_MrtSutthisan_img_13-7865231_100-566452_a177_s90_y75_f90_0.jpg_933.jpg,Hatchback
407,ROI_99.70260620117188_Car_MrtSutthisan_img_13-7865272_100-5665519_a177_s90_y75_f90_0.jpg_935.jpg,Hatchback
408,ROI_99.70260620117188_Car_MrtSutthisan_img_13-7865312_100-5666518_a177_s90_y75_f90_0.jpg_937.jpg,Hatchback
409,ROI_99.70282745361328_Car_MrtSutthisan_img_13-7858148_100-573912_a2_s90_y75_f90_0.jpg_917.jpg,SUV
410,ROI_99.70282745361328_Car_MrtSutthisan_img_13-7858148_100-573912_a2_s90_y75_f90_0.jpg_918.jpg,Pickup
411,ROI_99.70282745361328_Car_MrtSutthisan_img_13-7858148_100-573912_a2_s90_y75_f90_0.jpg_919.jpg,Hatchback
412,ROI_99.70282745361328_Car_MrtSutthisan_img_13-7858148_100-573912_a2_s90_y75_f90_0.jpg_921.jpg,Sedan
413,ROI_99.70282745361328_Car_MrtSutthisan_img_13-7858148_100-573912_a2_s90_y75_f90_0.jpg_922.jpg,Sedan
414,ROI_99.70282745361328_Car_MrtSutthisan_img_13-7858187_100-5738121_a2_s90_y75_f90_0.jpg_924.jpg,SUV
415,ROI_99.70282745361328_Car_MrtSutthisan_img_13-7858187_100-5738121_a2_s90_y75_f90_0.jpg_925.jpg,Pickup
416,ROI_99.70282745361328_Car_MrtSutthisan_img_13-7858187_100-5738121_a2_s90_y75_f90_0.jpg_926.jpg,MPV
417,ROI_99.70282745361328_Car_MrtSutthisan_img_13-7858187_100-5738121_a2_s90_y75_f90_0.jpg_928.jpg,Sedan
418,ROI_99.70282745361328_Car_MrtSutthisan_img_13-7858187_100-5738121_a2_s90_y75_f90_0.jpg_929.jpg,Sedan
419,ROI_99.71282958984375_Car_ChokChai4_img_13-8029003_100-5939098_a183-49757397559478_s90_y0_f90_1.jpg_349.jpg,Sedan
420,ROI_99.71282958984375_Car_ChokChai4_img_13-8029003_100-5939098_a183-49757397559478_s90_y0_f90_1.jpg_350.jpg,Pickup
421,ROI_99.71308135986328_Car_MrtSutthisan_img_13-7935824_100-5697112_a347_s270_y75_f90_0.jpg_670.jpg,Sedan
422,ROI_99.71308135986328_Car_MrtSutthisan_img_13-7935824_100-5697112_a347_s270_y75_f90_0.jpg_671.jpg,Sedan
423,ROI_99.71308135986328_Car_MrtSutthisan_img_13-7935824_100-5697112_a347_s270_y75_f90_0.jpg_672.jpg,Sedan
424,ROI_99.71331787109375_Car_MrtSutthisan_img_13-798134_100-5717575_a239_s270_y75_f90_0.jpg_839.jpg,Hatchback
425,ROI_99.7166748046875_Car_MrtSutthisan_img_13-7911865_100-5686596_a263_s270_y75_f90_0.jpg_595.jpg,Pickup
426,ROI_99.7166748046875_Car_MrtSutthisan_img_13-7911865_100-5686596_a263_s270_y75_f90_0.jpg_596.jpg,Pickup
427,ROI_99.71755981445312_Car_MrtSutthisan_img_13-7865353_100-5667517_a177_s90_y75_f90_0.jpg_939.jpg,Hatchback
428,ROI_99.7288589477539_Car_MrtSutthisan_img_13-794205_100-5677809_a68_s270_y75_f90_0.jpg_695.jpg,Pickup
429,ROI_99.7288589477539_Car_MrtSutthisan_img_13-794205_100-5677809_a68_s270_y75_f90_0.jpg_696.jpg,Sedan
430,ROI_99.7288589477539_Car_MrtSutthisan_img_13-794205_100-5677809_a68_s270_y75_f90_0.jpg_697.jpg,Sedan
431,ROI_99.7288589477539_Car_MrtSutthisan_img_13-794205_100-5677809_a68_s270_y75_f90_0.jpg_698.jpg,Sedan
432,ROI_99.7288589477539_Car_MrtSutthisan_img_13-794205_100-5677809_a68_s270_y75_f90_0.jpg_699.jpg,Hatchback
433,ROI_99.7288589477539_Car_MrtSutthisan_img_13-794205_100-5677809_a68_s270_y75_f90_0.jpg_700.jpg,Van
434,ROI_99.73196411132812_Car_ChokChai4_img_13-8048876_100-6012848_a265-4182013170721_s90_y0_f90_1.jpg_396.jpg,SUV
435,ROI_99.74195861816406_Car_ChokChai4_img_13-7995529_100-6035768_a187-57587755658977_s90_y0_f90_1.jpg_306.jpg,Pickup
436,ROI_99.7472915649414_Car_MrtSutthisan_img_13-7929467_100-5661667_a97_s90_y75_f90_0.jpg_1059.jpg,SUV
437,ROI_99.74769592285156_Car_MrtSutthisan_img_13-7919982_100-5661993_a279_s270_y75_f90_0.jpg_617.jpg,Sedan
438,ROI_99.75972747802734_Car_ChokChai4_img_13-8051683_100-604974_a265-06227198612373_s90_y0_f90_1.jpg_404.jpg,Sedan
439,ROI_99.76226043701172_Car_ChokChai4_img_13-8048375_100-58737_a192-56152801652308_s270_y0_f90_1.jpg_149.jpg,Sedan
440,ROI_99.77710723876953_Car_ChokChai4_img_13-8000718_100-59074_a186-99334538643677_s90_y0_f90_1.jpg_314.jpg,Pickup
441,ROI_99.7779541015625_Car_MrtSutthisan_img_13-7816157_100-5736872_a349_s90_y75_f90_0.jpg_898.jpg,Sedan
442,ROI_99.7779541015625_Car_MrtSutthisan_img_13-7816157_100-5736872_a349_s90_y75_f90_0.jpg_902.jpg,Pickup
443,ROI_99.7779541015625_Car_MrtSutthisan_img_13-7816157_100-5736872_a349_s90_y75_f90_0.jpg_905.jpg,Sedan
444,ROI_99.77812957763672_Car_ChokChai4_img_13-802722_100-5923001_a182-87432022899867_s270_y0_f90_1.jpg_108.jpg,Hatchback
445,ROI_99.77812957763672_Car_ChokChai4_img_13-8028219_100-5923051_a182-87432022899867_s270_y0_f90_1.jpg_110.jpg,Sedan
446,ROI_99.77812957763672_Car_ChokChai4_img_13-8028219_100-5923051_a182-87432022899867_s270_y0_f90_1.jpg_111.jpg,Sedan
447,ROI_99.7802505493164_Car_MrtSutthisan_img_13-795022_100-5699622_a260_s90_y75_f90_0.jpg_1135.jpg,Hatchback
448,ROI_99.7802505493164_Car_MrtSutthisan_img_13-795022_100-5699622_a260_s90_y75_f90_0.jpg_1137.jpg,Pickup
449,ROI_99.7802505493164_Car_MrtSutthisan_img_13-7951207_100-569946_a260_s90_y75_f90_0.jpg_1141.jpg,Sedan
450,ROI_99.7802505493164_Car_MrtSutthisan_img_13-7951207_100-569946_a260_s90_y75_f90_0.jpg_1142.jpg,Pickup
451,ROI_99.7802505493164_Car_MrtSutthisan_img_13-7951207_100-569946_a260_s90_y75_f90_0.jpg_1143.jpg,Pickup
452,ROI_99.7802505493164_Car_MrtSutthisan_img_13-7951207_100-569946_a260_s90_y75_f90_0.jpg_1144.jpg,Pickup
453,ROI_99.7917251586914_Car_ChokChai4_img_13-8048397_100-6006867_a265-4182013170721_s90_y0_f90_1.jpg_386.jpg,Sedan
454,ROI_99.79293060302734_Car_ChokChai4_img_13-8074226_100-5937987_a261-1318377437573_s270_y0_f90_1.jpg_229.jpg,Hatchback
455,ROI_99.8099594116211_Car_MrtSutthisan_img_13-7948732_100-5707092_a184_s90_y75_f90_0.jpg_1130.jpg,Pickup
456,ROI_99.8099594116211_Car_MrtSutthisan_img_13-7948732_100-5707092_a184_s90_y75_f90_0.jpg_1131.jpg,SUV
457,ROI_99.81230163574219_Car_MrtSutthisan_img_13-7922068_100-567048_a272_s270_y75_f90_0.jpg_638.jpg,Van
458,ROI_99.81282043457031_Car_ChokChai4_img_13-8057148_100-587644_a9-673355432960797_s90_y0_f90_1.jpg_424.jpg,Pickup
459,ROI_99.81282043457031_Car_ChokChai4_img_13-8057148_100-587644_a9-673355432960797_s90_y0_f90_1.jpg_426.jpg,Pickup
460,ROI_99.8142318725586_Car_ChokChai4_img_13-7978733_100-5885362_a357-26874611183615_s90_y0_f90_1.jpg_263.jpg,Sedan
461,ROI_99.8142318725586_Car_ChokChai4_img_13-7978733_100-5885362_a357-26874611183615_s90_y0_f90_1.jpg_264.jpg,Pickup
462,ROI_99.8142318725586_Car_ChokChai4_img_13-7978733_100-5885362_a357-26874611183615_s90_y0_f90_1.jpg_265.jpg,SUV
463,ROI_99.8216552734375_Car_ChokChai4_img_13-7996741_100-590698_a185-27111537361003_s90_y0_f90_1.jpg_307.jpg,Sedan
464,ROI_99.82260131835938_Car_ChokChai4_img_13-8048556_100-6008861_a265-4182013170721_s90_y0_f90_1.jpg_388.jpg,Pickup
465,ROI_99.82898712158203_Car_MrtSutthisan_img_13-795682_100-5661356_a272_s90_y75_f90_0.jpg_1151.jpg,Hatchback
466,ROI_99.83535766601562_Car_ChokChai4_img_13-8053912_100-5894042_a258-6912009960614_s270_y0_f90_1.jpg_173.jpg,Sedan
467,ROI_99.83535766601562_Car_ChokChai4_img_13-8053912_100-5894042_a258-6912009960614_s270_y0_f90_1.jpg_174.jpg,Sedan
468,ROI_99.84100341796875_Car_ChokChai4_img_13-8014855_100-6007736_a272-0788488226845_s270_y0_f90_1.jpg_89.jpg,Hatchback
469,ROI_99.84768676757812_Car_MrtSutthisan_img_13-7966712_100-5727676_a170_s90_y75_f90_0.jpg_1164.jpg,Sedan
470,ROI_99.8528823852539_Car_MrtSutthisan_img_13-7945484_100-5683192_a173_s270_y75_f90_0.jpg_719.jpg,SUV
471,ROI_99.8528823852539_Car_MrtSutthisan_img_13-7945484_100-5683192_a173_s270_y75_f90_0.jpg_720.jpg,MPV
472,ROI_99.85340881347656_Car_ChokChai4_img_13-797781_100-5906086_a181-09381992777938_s90_y0_f90_1.jpg_260.jpg,Pickup
473,ROI_99.86822509765625_Car_ChokChai4_img_13-8051855_100-6051732_a265-082441205676_s90_y0_f90_1.jpg_405.jpg,Sedan
474,ROI_99.86919403076172_Car_MrtSutthisan_img_13-797161_100-5706681_a256_s270_y75_f90_0.jpg_783.jpg,Sedan
475,ROI_99.87068176269531_Car_MrtSutthisan_img_13-7913847_100-5686334_a262_s270_y75_f90_0.jpg_599.jpg,Sedan
476,ROI_99.87158203125_Car_MrtSutthisan_img_13-7944288_100-570052_a262_s90_y75_f90_0.jpg_1094.jpg,MPV
477,ROI_99.87158203125_Car_MrtSutthisan_img_13-7944288_100-570052_a262_s90_y75_f90_0.jpg_1096.jpg,Sedan
478,ROI_99.87493896484375_Car_ChokChai4_img_13-8031215_100-5923201_a182-87432022899867_s270_y0_f90_1.jpg_119.jpg,Sedan
479,ROI_99.88041687011719_Car_ChokChai4_img_13-8032214_100-5923252_a183-01427439319534_s270_y0_f90_1.jpg_122.jpg,Sedan
480,ROI_99.89691925048828_Car_MrtSutthisan_img_13-7918013_100-5661647_a279_s270_y75_f90_0.jpg_613.jpg,Sedan
481,ROI_99.90008544921875_Car_MrtSutthisan_img_13-7899233_100-5678279_a357_s270_y75_f90_0.jpg_523.jpg,Pickup
482,ROI_99.92092895507812_Car_MrtSutthisan_img_13-7813704_100-5689048_a3_s90_y75_f90_0.jpg_894.jpg,Pickup
483,ROI_99.92092895507812_Car_MrtSutthisan_img_13-7813704_100-5689048_a3_s90_y75_f90_0.jpg_895.jpg,Sedan
484,ROI_99.92092895507812_Car_MrtSutthisan_img_13-7813704_100-5689048_a3_s90_y75_f90_0.jpg_896.jpg,Sedan
485,ROI_99.92298889160156_Car_ChokChai4_img_13-8009247_100-5877519_a83-26921836735819_s270_y0_f90_1.jpg_84.jpg,Hatchback
486,ROI_99.93905639648438_Car_MrtSutthisan_img_13-7900064_100-5688243_a174_s90_y75_f90_0.jpg_987.jpg,SUV
487,ROI_99.93905639648438_Car_MrtSutthisan_img_13-7900158_100-5689238_a174_s90_y75_f90_0.jpg_991.jpg,Hatchback
488,ROI_99.9476547241211_Car_MrtSutthisan_img_13-7865029_100-5659524_a177_s90_y75_f90_0.jpg_931.jpg,Pickup
489,ROI_99.95984649658203_Car_ChokChai4_img_13-8014685_100-5878077_a171-9988679348423_s270_y0_f90_1.jpg_88.jpg,SUV
